{
    "R_ALU": 0.3125,
    "I_ALU": 0.3125,
    "BRANCH": 0.1875,
    "UPPER": 0.103125,
    "JAL": 0.05,
    "JALR": 0.034375
}
